order_date,product,category,region,units,unit_price,customer_id,sales_rep,revenue
2023-04-13,Keyboard,Accessories,East,6.0,43.22,1045,Carla,259.32
2023-12-15,Keyboard,Accessories,North,7.0,46.13,1024,Diego,322.91
2023-09-28,Laptop,Electronics,North,6.0,962.91,1020,Alice,5777.46
2023-04-17,Webcam,Accessories,South,3.0,55.14,1087,Diego,165.42
2023-03-13,Mouse,Accessories,South,4.0,24.22,1004,Carla,96.88
2023-07-08,Chair,Furniture,East,1.0,132.21,1069,Carla,132.21
2023-01-21,Mouse,Accessories,East,1.0,25.37,1046,Alice,25.37
2023-04-13,Headset,Accessories,South,6.0,82.93,1086,Diego,497.58
2023-05-02,Desk,Furniture,North,2.0,181.48,1067,Diego,362.96
2023-08-03,Mouse,Accessories,West,6.0,22.77,1090,Alice,136.62
2023-11-27,Monitor,Electronics,South,7.0,235.36,1017,Diego,1647.52
2023-03-29,Mouse,Accessories,South,6.0,25.28,1020,Alice,151.68
2023-04-10,Headset,Accessories,North,1.0,76.18,1091,Bob,76.18
2023-12-26,Chair,Furniture,East,3.0,109.5,1098,Carla,328.5
2023-06-01,Mouse,Accessories,,6.0,27.77,1085,Bob,166.62
2023-05-11,Monitor,Electronics,North,3.0,286.32,1022,Emma,858.96
2023-05-30,Laptop,Electronics,North,3.0,988.46,1063,Emma,2965.38
2023-11-05,Desk,Furniture,East,2.0,200.42,1066,Emma,400.84
2023-09-15,Headset,Accessories,East,3.0,76.84,1039,Alice,230.52
2023-12-10,Laptop,Electronics,North,1.0,1026.14,1009,Diego,1026.14
2023-10-21,Laptop,Electronics,West,4.0,854.31,1088,Bob,3417.24
2023-07-11,Laptop,Electronics,North,4.0,1024.07,1051,Bob,4096.28
2023-10-04,Keyboard,Accessories,South,5.0,51.69,1071,Bob,258.45
2023-06-10,Desk,Furniture,West,7.0,194.03,1074,Bob,1358.21
2023-11-10,Chair,Furniture,South,6.0,137.43,1060,Emma,824.58
2023-01-22,Webcam,Accessories,East,7.0,62.54,1063,Bob,437.78
2023-09-10,Desk,Furniture,South,1.0,173.68,1004,Diego,173.68
2023-08-24,Keyboard,Accessories,North,3.0,45.42,1052,Emma,136.26
2023-12-11,Webcam,Accessories,West,4.0,62.9,1054,Bob,251.6
2023-02-18,Desk,Furniture,South,7.0,165.29,1036,Alice,1157.03
2023-02-28,Laptop,Electronics,West,1.0,950.03,1055,Carla,950.03
2023-06-19,Headset,Accessories,North,4.0,91.62,1058,Carla,366.48
2023-07-07,Webcam,Accessories,North,3.0,56.85,1092,Carla,170.55
2023-09-28,Monitor,Electronics,North,7.0,274.54,1068,Emma,1921.78
2023-07-09,Monitor,Electronics,East,4.0,281.74,1072,Bob,1126.96
2023-06-24,Mouse,Accessories,South,6.0,28.4,1058,Emma,170.4
2023-02-20,Webcam,Accessories,West,6.0,68.4,1001,Diego,410.4
2023-12-30,Headset,Accessories,SOUTH,5.0,82.43,1064,Alice,412.15
2023-02-24,Chair,Furniture,West,5.0,137.32,1059,Alice,686.6
2023-09-01,Keyboard,Accessories,North,4.0,49.02,1050,Carla,196.08
2023-11-16,Laptop,Electronics,West,1.0,846.38,1029,Carla,846.38
2023-05-11,Mouse,Accessories,East,6.0,25.48,1010,Carla,152.88
2023-11-03,Monitor,Electronics,East,1.0,269.9,1091,Bob,269.9
2023-05-15,Keyboard,Accessories,West,1.0,43.28,1075,Diego,43.28
2023-01-21,Keyboard,Accessories,East,4.0,47.71,1038,Diego,190.84
2023-11-25,Laptop,Electronics,East,1.0,959.99,1089,Diego,959.99
2023-06-16,Chair,Furniture,North,6.0,112.88,1076,Diego,677.28
2023-10-01,Chair,Furniture,North,3.0,124.95,1071,Carla,374.85
2023-03-30,Webcam,Accessories,West,5.0,65.57,1062,Alice,327.85
2023-11-12,Monitor,Electronics,East,3.0,256.18,1063,Carla,768.54
2023-01-14,Chair,Furniture,East,1.0,108.36,1060,Diego,108.36
2023-08-30,Headset,Accessories,South,3.0,72.18,1053,Carla,216.54
2023-09-22,Chair,Furniture,North,6.0,118.71,1091,Diego,712.26
2023-12-12,Keyboard,Accessories,North,6.0,50.92,1093,Emma,305.52
2023-02-22,Laptop,Electronics,East,1.0,861.45,1072,Alice,861.45
2023-12-06,Headset,Accessories,South,4.0,84.69,1094,Emma,338.76
2023-04-02,Webcam,Accessories,North,3.0,57.33,1057,Bob,171.99
2023-09-21,Monitor,Electronics,South,4.0,245.1,1084,Carla,980.4
2023-02-04,Webcam,Accessories,North,4.0,66.72,1055,Bob,266.88
2023-07-25,Keyboard,Accessories,East,2.0,48.7,1033,Carla,97.4
2023-03-22,Headset,Accessories,North,,73.91,1030,Emma,73.91
2023-02-19,Headset,Accessories,East,5.0,80.57,1051,Diego,402.85
2023-12-26,Headset,Accessories,,6.0,72.58,1088,Diego,435.48
2023-01-02,Keyboard,Accessories,South,6.0,45.91,1075,Carla,275.46
2023-02-23,Keyboard,Accessories,North,1.0,47.95,1000,Diego,47.95
2023-04-16,Webcam,Accessories,North,7.0,55.78,1054,Emma,390.46
2023-09-17,Mouse,Accessories,South,7.0,24.31,1021,Diego,170.17
2023-11-06,Webcam,Accessories,South,7.0,59.97,1039,Emma,419.79
2023-07-10,Monitor,Electronics,East,5.0,282.47,1000,Bob,1412.35
2023-08-06,Laptop,Electronics,North,6.0,1033.48,1064,Emma,6200.88
2023-02-13,Headset,Accessories,East,1.0,72.9,1062,Alice,72.9
2023-06-11,Mouse,Accessories,WEST,6.0,27.26,1053,Alice,163.56
2023-07-21,Laptop,Electronics,East,4.0,893.64,1041,Alice,3574.56
2023-09-27,Mouse,Accessories,North,3.0,24.95,1020,Carla,74.85
2023-12-17,Chair,Furniture,South,3.0,130.63,1078,Carla,391.89
2023-10-31,Chair,Furniture,North,6.0,135.55,1080,Carla,813.3
2023-09-28,Desk,Furniture,North,2.0,204.79,1021,Emma,409.58
2023-08-03,Chair,Furniture,West,5.0,125.31,1037,Carla,626.55
2023-09-09,Webcam,Accessories,North,7.0,59.36,1098,Bob,415.52
2023-07-09,Chair,Furniture,South,5.0,131.63,1079,Alice,658.15
2023-10-23,Keyboard,Accessories,East,5.0,43.32,1007,Emma,216.6
2023-08-01,Headset,Accessories,East,4.0,83.28,1061,Alice,333.12
2023-07-27,Webcam,Accessories,East,5.0,59.38,1046,Carla,296.9
2023-08-25,Laptop,Electronics,North,3.0,957.74,1016,Emma,2873.22
2023-12-04,Desk,Furniture,South,4.0,172.82,1016,Diego,691.28
2023-02-22,Desk,Furniture,,1.0,170.62,1089,Bob,170.62
2023-10-07,Desk,Furniture,North,5.0,203.32,1012,Carla,1016.6
2023-08-05,Laptop,Electronics,South,5.0,832.91,1016,Carla,4164.55
2023-09-09,Laptop,Electronics,North,1.0,923.84,1037,Bob,923.84
2023-07-07,Laptop,Electronics,North,5.0,859.69,1080,Bob,4298.45
2023-02-10,Laptop,Electronics,South,1.0,818.76,1077,Diego,818.76
2023-06-06,Desk,Furniture,North,4.0,163.62,1044,Carla,654.48
2023-01-15,Desk,Furniture,East,3.0,169.88,1005,Carla,509.64
2023-10-28,Mouse,Accessories,East,1.0,27.92,1034,Alice,27.92
2023-03-06,Webcam,Accessories,West,2.0,58.24,1013,Emma,116.48
2023-12-11,Headset,Accessories,North,1.0,91.01,1071,Emma,91.01
2023-11-23,Chair,Furniture,North,5.0,125.45,1060,Alice,627.25
2023-01-09,Chair,Furniture,North,7.0,121.1,1014,Emma,847.7
2023-12-10,Keyboard,Accessories,East,7.0,47.03,1053,Bob,329.21
2023-05-09,Desk,Furniture,East,4.0,185.25,1026,Emma,741.0
2023-05-16,Keyboard,Accessories,North,6.0,49.04,1012,Emma,294.24
2023-03-04,Webcam,Accessories,West,4.0,58.24,1030,Alice,232.96
2023-05-19,Webcam,Accessories,North,6.0,59.3,1034,Diego,355.8
2023-03-22,Keyboard,Accessories,South,7.0,50.56,1059,Emma,353.92
2023-06-12,Desk,Furniture,East,7.0,204.59,1005,Emma,1432.13
2023-10-16,Keyboard,Accessories,West,1.0,50.54,1068,Diego,50.54
2023-09-18,Chair,Furniture,East,3.0,120.58,1085,Alice,361.74
2023-08-19,Mouse,Accessories,West,2.0,27.38,1057,Diego,54.76
2023-02-10,Chair,Furniture,South,4.0,122.29,1048,Alice,489.16
2023-01-28,Monitor,Electronics,West,5.0,256.1,1022,Bob,1280.5
2023-05-15,Desk,Furniture,North,6.0,171.21,1088,Alice,1027.26
2023-07-20,Desk,Furniture,West,5.0,188.6,1033,Bob,943.0
2023-11-24,Headset,Accessories,,3.0,75.72,1025,Bob,227.16
2023-09-25,Laptop,Electronics,West,6.0,884.6,1046,Alice,5307.6
2023-02-02,Monitor,Electronics,South,4.0,278.44,1004,Carla,1113.76
2023-02-17,Webcam,Accessories,East,1.0,57.11,1089,Alice,57.11
2023-03-03,Desk,Furniture,South,5.0,165.2,1019,Emma,826.0
2023-08-04,Keyboard,Accessories,East,3.0,41.28,1005,Emma,123.84
2023-10-20,Monitor,Electronics,North,4.0,283.8,1069,Carla,1135.2
2023-04-09,Headset,Accessories,North,7.0,82.14,1058,Bob,574.98
2023-06-21,Webcam,Accessories,,7.0,60.14,1063,Carla,420.98
2023-12-26,Laptop,Electronics,North,4.0,992.45,1017,Emma,3969.8
2023-08-02,Laptop,Electronics,West,4.0,998.06,1003,Carla,3992.24
2023-02-04,Headset,Accessories,North,4.0,78.64,1016,Alice,314.56
2023-08-15,Headset,Accessories,West,6.0,85.87,1013,Carla,515.22
2023-04-11,Keyboard,Accessories,South,4.0,49.18,1077,Bob,196.72
2023-05-11,Desk,Furniture,North,5.0,191.46,1012,Alice,957.3
2023-09-14,Laptop,Electronics,East,3.0,844.11,1006,Diego,2532.33
2023-01-05,Webcam,Accessories,East,6.0,67.14,1043,Emma,402.84
2023-08-06,Monitor,Electronics,South,4.0,258.69,1014,Emma,1034.76
2023-09-12,Webcam,Accessories,East,2.0,58.24,1018,Carla,116.48
2023-12-25,Mouse,Accessories,East,2.0,25.16,1062,Alice,50.32
2023-10-10,Mouse,Accessories,North,3.0,22.73,1034,Diego,68.19
2023-07-26,Headset,Accessories,West,7.0,74.56,1080,Alice,521.92
2023-01-15,Keyboard,Accessories,West,1.0,49.11,1034,Emma,49.11
2023-12-12,Mouse,Accessories,East,1.0,22.5,1018,Alice,22.5
2023-02-11,Laptop,Electronics,North,7.0,903.73,1019,Diego,6326.11
2023-06-28,Webcam,Accessories,East,6.0,61.84,1099,Carla,371.04
2023-03-04,Webcam,Accessories,North,6.0,54.82,1034,Bob,328.92
2023-12-18,Headset,Accessories,North,6.0,91.46,1031,Alice,548.76
2023-08-19,Desk,Furniture,North,1.0,172.18,1047,Bob,172.18
2023-08-29,Desk,Furniture,SOUTH,2.0,175.69,1043,Emma,351.38
2023-02-21,Monitor,Electronics,West,1.0,244.0,1023,Carla,244.0
2023-04-06,Headset,Accessories,East,5.0,76.61,1060,Carla,383.05
2023-08-10,Chair,Furniture,East,4.0,108.04,1016,Alice,432.16
2023-08-19,Monitor,Electronics,South,6.0,270.58,1070,Carla,1623.48
2023-08-25,Chair,Furniture,South,2.0,137.01,1049,Alice,274.02
2023-05-23,Desk,Furniture,South,3.0,172.09,1064,Alice,516.27
2023-06-20,Headset,Accessories,West,3.0,85.26,1098,Bob,255.78
2023-01-29,Chair,Furniture,North,4.0,130.26,1031,Carla,521.04
2023-02-05,Headset,Accessories,West,2.0,88.97,1035,Alice,177.94
2023-01-13,Headset,Accessories,East,1.0,80.45,1012,Bob,80.45
2023-06-09,Desk,Furniture,South,1.0,175.63,1069,Diego,175.63
2023-11-23,Monitor,Electronics,East,5.0,245.33,1057,Bob,1226.65
2023-07-06,Monitor,Electronics,South,5.0,269.54,1013,Bob,1347.7
2023-08-31,Headset,Accessories,West,1.0,88.34,1036,Alice,88.34
2023-03-27,Mouse,Accessories,West,3.0,23.64,1078,Emma,70.92
2023-10-11,Keyboard,Accessories,South,6.0,44.67,1067,Emma,268.02
2023-03-07,Desk,Furniture,North,3.0,202.59,1039,Emma,607.77
2023-06-19,Keyboard,Accessories,East,5.0,49.58,1058,Bob,247.9
2023-02-14,Keyboard,Accessories,West,4.0,51.58,1079,Alice,206.32
2023-03-03,Monitor,Electronics,North,1.0,272.14,1091,Carla,272.14
2023-05-14,Monitor,Electronics,East,5.0,249.57,1015,Bob,1247.85
2023-10-11,Mouse,Accessories,East,5.0,26.19,1061,Bob,130.95
2023-01-28,Keyboard,Accessories,East,6.0,47.94,1003,Alice,287.64
2023-04-18,Keyboard,Accessories,North,1.0,41.38,1044,Diego,41.38
2023-02-13,Headset,Accessories,East,6.0,82.89,1089,Bob,497.34
2023-12-06,Monitor,Electronics,West,1.0,269.33,1027,Diego,269.33
2023-10-13,Keyboard,Accessories,North,6.0,42.38,1095,Diego,254.28
2023-11-27,Webcam,Accessories,North,3.0,65.71,1065,Emma,197.13
2023-05-08,Mouse,Accessories,West,4.0,26.15,1030,Alice,104.6
2023-12-14,Chair,Furniture,North,4.0,136.57,1002,Diego,546.28
2023-08-19,Webcam,Accessories,West,1.0,54.64,1007,Alice,54.64
2023-07-09,Webcam,Accessories,South,2.0,57.98,1023,Emma,115.96
2023-08-13,Chair,Furniture,North,7.0,126.05,1014,Alice,882.35
2023-10-10,Desk,Furniture,West,5.0,175.35,1042,Bob,876.75
2023-05-01,Desk,Furniture,South,5.0,194.15,1030,Diego,970.75
2023-04-26,Mouse,Accessories,South,1.0,27.24,1072,Alice,27.24
2023-08-21,Webcam,Accessories,South,6.0,55.54,1044,Carla,333.24
2023-09-16,Keyboard,Accessories,East,2.0,46.28,1065,Alice,92.56
2023-12-25,Monitor,Electronics,North,3.0,256.81,1007,Diego,770.43
2023-07-17,Mouse,Accessories,South,6.0,24.81,1070,Emma,148.86
2023-05-17,Headset,Accessories,West,6.0,90.66,1056,Emma,543.96
2023-11-14,Chair,Furniture,North,1.0,132.83,1079,Diego,132.83
2023-06-14,Webcam,Accessories,East,1.0,64.46,1098,Bob,64.46
2023-08-13,Mouse,Accessories,South,5.0,26.96,1029,Bob,134.8
2023-11-03,Laptop,Electronics,East,1.0,913.89,1073,Emma,913.89
2023-08-22,Laptop,Electronics,North,1.0,1017.22,1017,Emma,1017.22
2023-06-21,Desk,Furniture,West,1.0,193.26,1068,Diego,193.26
2023-06-01,Chair,Furniture,South,5.0,129.87,1092,Bob,649.35
2023-11-11,Monitor,Electronics,North,3.0,278.86,1038,Emma,836.58
2023-06-09,Keyboard,Accessories,North,3.0,43.58,1059,Bob,130.74
2023-04-06,Monitor,Electronics,North,7.0,275.44,1097,Emma,1928.08
2023-08-21,Monitor,Electronics,South,7.0,237.2,1042,Alice,1660.4
2023-06-29,Monitor,Electronics,South,1.0,246.58,1044,Carla,246.58
2023-04-23,Chair,Furniture,West,7.0,118.07,1022,Alice,826.49
2023-11-14,Monitor,Electronics,South,,286.16,1068,Emma,1430.8
2023-02-21,Headset,Accessories,NORTH,3.0,89.13,1093,Carla,267.39
2023-09-25,Chair,Furniture,East,6.0,129.04,1005,Carla,774.24
2023-10-22,Headset,Accessories,East,3.0,86.54,1055,Emma,259.62
2023-04-23,Chair,Furniture,North,3.0,124.86,1003,Emma,374.58
2023-04-11,Desk,Furniture,North,5.0,204.62,1092,Bob,1023.1
2023-04-23,Mouse,Accessories,North,7.0,25.6,1022,Emma,179.2
2023-03-22,Laptop,Electronics,East,6.0,895.62,1005,Diego,5373.72
2023-07-06,Monitor,Electronics,East,5.0,235.19,1031,Emma,1175.95
2023-04-23,Desk,Furniture,South,1.0,197.38,1017,Diego,197.38
2023-01-02,Mouse,Accessories,West,4.0,27.09,1014,Emma,108.36
2023-05-10,Laptop,Electronics,West,3.0,896.48,1039,Bob,2689.44
2023-08-08,Webcam,Accessories,East,4.0,54.38,1095,Diego,217.52
2023-02-23,Keyboard,Accessories,West,5.0,49.94,1072,Alice,249.7
2023-12-09,Headset,Accessories,North,5.0,72.23,1073,Diego,361.15
2023-08-12,Webcam,Accessories,North,5.0,64.56,1083,Bob,322.8
2023-08-13,Chair,Furniture,North,4.0,137.11,1005,Diego,548.44
2023-05-06,Laptop,Electronics,North,5.0,908.47,1062,Emma,4542.35
2023-05-10,Webcam,Accessories,South,1.0,57.52,1066,Emma,57.52
2023-02-22,Keyboard,Accessories,West,5.0,48.43,1010,Bob,242.15
2023-06-21,Desk,Furniture,North,2.0,198.77,1042,Carla,397.54
2023-08-06,Laptop,Electronics,North,7.0,932.95,1016,Emma,6530.65
2023-06-09,Webcam,Accessories,South,4.0,68.51,1095,Alice,274.04
2023-07-17,Headset,Accessories,West,2.0,73.03,1003,Bob,146.06
2023-09-04,Headset,Accessories,South,5.0,82.1,1062,Diego,410.5
2023-11-20,Mouse,Accessories,South,1.0,26.99,1067,Diego,26.99
2023-07-22,Webcam,Accessories,North,3.0,66.94,1080,Alice,200.82
2023-07-03,Monitor,Electronics,North,6.0,236.2,1040,Emma,1417.2
2023-05-03,Webcam,Accessories,West,7.0,66.0,1082,Bob,462.0
2023-09-12,Desk,Furniture,West,6.0,186.87,1004,Alice,1121.22
2023-10-21,Laptop,Electronics,North,5.0,899.22,1031,Emma,4496.1
2023-10-07,Laptop,Electronics,West,7.0,839.64,1085,Bob,5877.48
2023-11-21,Desk,Furniture,East,7.0,200.94,1069,Diego,1406.58
2023-04-08,Webcam,Accessories,West,1.0,56.36,1034,Bob,56.36
2023-07-17,Desk,Furniture,South,7.0,175.94,1021,Carla,1231.58
2023-08-28,Keyboard,Accessories,South,4.0,43.76,1064,Bob,175.04
2023-05-24,Chair,Furniture,South,2.0,134.14,1083,Carla,268.28
2023-04-07,Desk,Furniture,,2.0,192.27,1021,Bob,384.54
2023-07-20,Headset,Accessories,North,2.0,87.93,1010,Carla,175.86
2023-05-04,Desk,Furniture,North,4.0,173.27,1076,Diego,693.08
2023-07-06,Laptop,Electronics,South,6.0,950.6,1002,Emma,5703.6
2023-11-22,Headset,Accessories,East,1.0,83.43,1008,Carla,83.43
2023-12-15,Laptop,Electronics,North,7.0,997.39,1059,Carla,6981.73
2023-09-16,Mouse,Accessories,East,4.0,28.16,1075,Diego,112.64
2023-05-28,Monitor,Electronics,West,2.0,225.76,1086,Carla,451.52
2023-09-09,Laptop,Electronics,North,5.0,961.65,1013,Alice,4808.25
2023-12-12,Headset,Accessories,East,3.0,73.04,1096,Diego,219.12
2023-05-27,Mouse,Accessories,South,7.0,25.93,1017,Alice,181.51
2023-05-28,Laptop,Electronics,West,4.0,874.72,1072,Diego,3498.88
2023-12-18,Keyboard,Accessories,North,4.0,43.95,1022,Carla,175.8
2023-07-18,Desk,Furniture,East,1.0,177.88,1073,Alice,177.88
2023-11-04,Monitor,Electronics,West,1.0,263.83,1082,Carla,263.83
2023-05-08,Laptop,Electronics,West,4.0,885.16,1046,Diego,3540.64
2023-02-08,Mouse,Accessories,East,2.0,27.08,1068,Carla,54.16
2023-12-04,Keyboard,Accessories,South,3.0,45.05,1046,Alice,135.15
2023-12-26,Webcam,Accessories,East,7.0,55.03,1086,Alice,385.21
2023-05-09,Mouse,Accessories,West,1.0,27.4,1029,Carla,27.4
2023-09-24,Desk,Furniture,East,7.0,174.86,1024,Bob,1224.02
2023-05-31,Mouse,Accessories,North,2.0,25.2,1027,Diego,50.4
2023-10-25,Keyboard,Accessories,West,,48.21,1097,Diego,337.47
2023-04-09,Mouse,Accessories,East,5.0,24.58,1024,Carla,122.9
2023-09-20,Keyboard,Accessories,East,1.0,41.14,1073,Bob,41.14
2023-09-09,Laptop,Electronics,North,2.0,894.13,1077,Alice,1788.26
2023-05-24,Chair,Furniture,East,2.0,136.33,1057,Emma,272.66
2023-12-12,Keyboard,Accessories,South,3.0,47.72,1093,Emma,143.16
2023-04-22,Keyboard,Accessories,East,3.0,48.05,1040,Carla,144.15
2023-03-01,Monitor,Electronics,North,5.0,264.52,1024,Bob,1322.6
2023-01-02,Keyboard,Accessories,East,2.0,42.74,1077,Bob,85.48
2023-10-31,Keyboard,Accessories,West,6.0,45.21,1098,Diego,271.26
2023-09-11,Webcam,Accessories,North,2.0,65.26,1047,Alice,130.52
2023-05-20,Chair,Furniture,West,3.0,111.04,1097,Bob,333.12
2023-02-06,Laptop,Electronics,South,6.0,872.52,1009,Emma,5235.12
2023-06-09,Desk,Furniture,West,1.0,174.43,1098,Alice,174.43
2023-01-09,Monitor,Electronics,East,1.0,252.0,1074,Alice,252.0
2023-08-21,Webcam,Accessories,East,7.0,68.71,1010,Carla,480.97
2023-04-09,Headset,Accessories,East,4.0,73.35,1084,Bob,293.4
2023-05-27,Chair,Furniture,WEST,3.0,123.56,1020,Carla,370.68
2023-10-31,Laptop,Electronics,,4.0,850.36,1085,Bob,3401.44
2023-07-27,Laptop,Electronics,South,6.0,1028.4,1044,Diego,6170.4
2023-05-11,Headset,Accessories,East,3.0,74.27,1006,Carla,222.81
2023-06-01,Desk,Furniture,West,5.0,180.16,1080,Carla,900.8
2023-02-23,Keyboard,Accessories,East,2.0,48.8,1063,Emma,97.6
2023-04-30,Webcam,Accessories,East,5.0,64.57,1063,Carla,322.85
2023-06-10,Mouse,Accessories,South,6.0,25.14,1001,Bob,150.84
2023-04-26,Monitor,Electronics,West,3.0,246.66,1075,Emma,739.98
2023-03-16,Mouse,Accessories,North,6.0,24.99,1041,Carla,149.94
2023-04-23,Headset,Accessories,South,2.0,77.29,1081,Carla,154.58
2023-04-14,Laptop,Electronics,North,1.0,856.2,1053,Diego,856.2
2023-12-06,Desk,Furniture,South,1.0,183.74,1074,Carla,183.74
2023-09-11,Laptop,Electronics,South,6.0,870.42,1015,Alice,5222.52
2023-08-15,Monitor,Electronics,South,4.0,242.97,1017,Emma,971.88
2023-04-22,Laptop,Electronics,East,3.0,957.77,1098,Alice,2873.31
2023-04-09,Laptop,Electronics,South,3.0,1027.92,1058,Emma,3083.76
2023-06-02,Monitor,Electronics,South,1.0,262.73,1089,Diego,262.73
2023-12-15,Webcam,Accessories,North,7.0,55.15,1015,Carla,386.05
2023-12-04,Webcam,Accessories,South,5.0,55.13,1005,Carla,275.65
2023-07-13,Monitor,Electronics,North,7.0,284.46,1056,Carla,1991.22
2023-11-06,Desk,Furniture,North,2.0,175.38,1046,Emma,350.76
2023-06-12,Headset,Accessories,East,5.0,73.84,1047,Carla,369.2
2023-07-27,Chair,Furniture,East,5.0,125.97,1041,Alice,629.85
2023-06-18,Laptop,Electronics,East,6.0,950.32,1075,Carla,5701.92
2023-06-10,Desk,Furniture,South,1.0,191.18,1059,Diego,191.18
2023-03-09,Laptop,Electronics,South,7.0,870.17,1076,Alice,6091.19
2023-10-16,Chair,Furniture,West,7.0,108.45,1003,Carla,759.15
2023-10-04,Headset,Accessories,South,1.0,91.3,1001,Carla,91.3
2023-10-31,Webcam,Accessories,South,7.0,57.76,1089,Bob,404.32
2023-05-15,Desk,Furniture,North,1.0,192.42,1058,Emma,192.42
2023-07-14,Keyboard,Accessories,South,6.0,48.45,1026,Alice,290.7
2023-05-08,Keyboard,Accessories,South,4.0,47.36,1026,Bob,189.44
2023-02-02,Chair,Furniture,South,5.0,117.39,1078,Diego,586.95
2023-06-25,Keyboard,Accessories,East,6.0,43.55,1071,Emma,261.3
2023-01-22,Webcam,Accessories,South,3.0,62.97,1006,Alice,188.91
2023-08-26,Chair,Furniture,East,2.0,133.98,1062,Carla,267.96
2023-06-07,Webcam,Accessories,East,4.0,68.2,1045,Alice,272.8
2023-02-07,Headset,Accessories,West,3.0,74.12,1062,Carla,222.36
2023-08-18,Laptop,Electronics,East,5.0,844.84,1011,Emma,4224.2
2023-12-31,Headset,Accessories,WEST,7.0,90.89,1012,Carla,636.23
2023-02-20,Headset,Accessories,North,1.0,86.73,1042,Diego,86.73
2023-09-21,Webcam,Accessories,North,5.0,67.24,1016,Carla,336.2
2023-10-10,Chair,Furniture,North,6.0,114.08,1062,Diego,684.48
2023-01-27,Chair,Furniture,East,2.0,125.63,1080,Emma,251.26
2023-08-14,Keyboard,Accessories,West,6.0,48.39,1035,Emma,290.34
2023-10-04,Mouse,Accessories,North,4.0,26.75,1084,Alice,107.0
2023-10-13,Laptop,Electronics,West,4.0,901.83,1007,Diego,3607.32
2023-04-07,Webcam,Accessories,North,2.0,54.23,1068,Diego,108.46
2023-10-11,Keyboard,Accessories,West,3.0,47.06,1089,Bob,141.18
2023-11-13,Desk,Furniture,South,3.0,173.39,1079,Bob,520.17
2023-10-31,Mouse,Accessories,North,4.0,25.31,1035,Bob,101.24
2023-05-27,Mouse,Accessories,South,4.0,28.48,1027,Carla,113.92
2023-01-04,Webcam,Accessories,North,7.0,59.99,1092,Bob,419.93
2023-02-04,Monitor,Electronics,North,1.0,277.49,1046,Diego,277.49
2023-07-11,Laptop,Electronics,South,7.0,852.42,1075,Carla,5966.94
2023-02-18,Mouse,Accessories,West,7.0,26.7,1029,Emma,186.9
2023-01-17,Webcam,Accessories,South,3.0,68.66,1022,Alice,205.98
2023-06-21,Webcam,Accessories,South,2.0,55.53,1015,Bob,111.06
2023-08-08,Keyboard,Accessories,East,3.0,40.59,1013,Emma,121.77
2023-06-07,Desk,Furniture,East,1.0,181.51,1073,Diego,181.51
2023-02-15,Monitor,Electronics,NORTH,6.0,230.79,1070,Alice,1384.74
2023-01-06,Laptop,Electronics,South,4.0,978.39,1051,Emma,3913.56
2023-04-09,Chair,Furniture,North,4.0,135.44,1036,Alice,541.76
2023-08-21,Headset,Accessories,North,1.0,80.68,1028,Bob,80.68
2023-02-06,Desk,Furniture,East,7.0,173.64,1066,Diego,1215.48
2023-10-07,Desk,Furniture,North,2.0,181.55,1014,Alice,363.1
2023-12-15,Keyboard,Accessories,South,4.0,48.64,1099,Emma,194.56
2023-10-29,Chair,Furniture,East,5.0,108.27,1046,Bob,541.35
2023-06-30,Mouse,Accessories,North,7.0,26.18,1045,Bob,183.26
2023-04-05,Mouse,Accessories,East,4.0,26.33,1051,Emma,105.32
2023-04-09,Keyboard,Accessories,North,5.0,47.67,1018,Emma,238.35
2023-07-07,Webcam,Accessories,West,1.0,57.63,1076,Alice,57.63
2023-04-26,Mouse,Accessories,South,1.0,26.96,1020,Carla,26.96
2023-07-10,Monitor,Electronics,West,7.0,230.71,1063,Bob,1614.97
2023-09-10,Laptop,Electronics,East,4.0,854.84,1036,Alice,3419.36
2023-06-10,Desk,Furniture,North,3.0,201.49,1026,Emma,604.47
2023-09-13,Desk,Furniture,East,5.0,195.24,1054,Alice,976.2
2023-11-19,Monitor,Electronics,West,2.0,225.86,1028,Emma,451.72
2023-05-08,Chair,Furniture,East,4.0,115.45,1019,Diego,461.8
2023-01-18,Mouse,Accessories,West,2.0,23.84,1024,Emma,47.68
2023-10-08,Desk,Furniture,West,4.0,174.19,1069,Emma,696.76
2023-08-11,Headset,Accessories,North,3.0,76.95,1062,Emma,230.85
2023-02-23,Chair,Furniture,North,3.0,109.88,1035,Carla,329.64
2023-02-27,Laptop,Electronics,East,7.0,913.26,1001,Emma,6392.82
2023-11-19,Laptop,Electronics,South,7.0,974.87,1021,Bob,6824.09
2023-12-26,Desk,Furniture,West,3.0,189.3,1095,Bob,567.9
2023-06-23,Keyboard,Accessories,West,6.0,48.07,1015,Alice,288.42
2023-10-07,Chair,Furniture,South,,110.43,1017,Carla,331.29
2023-04-24,Desk,Furniture,North,1.0,204.82,1068,Alice,204.82
2023-10-15,Keyboard,Accessories,East,1.0,49.93,1053,Bob,49.93
2023-12-08,Desk,Furniture,North,,198.23,1099,Bob,1189.38
2023-05-31,Headset,Accessories,West,5.0,88.46,1029,Diego,442.3
2023-05-07,Chair,Furniture,South,2.0,135.98,1044,Emma,271.96
2023-06-04,Webcam,Accessories,East,4.0,62.16,1018,Bob,248.64
2023-09-30,Laptop,Electronics,North,4.0,855.06,1086,Alice,3420.24
2023-04-14,Desk,Furniture,East,6.0,189.76,1033,Alice,1138.56
2023-10-26,Headset,Accessories,South,1.0,86.86,1012,Emma,86.86
2023-09-03,Keyboard,Accessories,East,7.0,48.8,1042,Emma,341.6
2023-06-25,Keyboard,Accessories,North,4.0,46.37,1061,Diego,185.48
2023-02-08,Laptop,Electronics,East,1.0,825.4,1092,Carla,825.4
2023-06-19,Monitor,Electronics,West,5.0,248.19,1099,Alice,1240.95
2023-09-04,Desk,Furniture,NORTH,2.0,203.43,1021,Emma,406.86
2023-01-26,Chair,Furniture,North,5.0,125.53,1051,Alice,627.65
2023-12-21,Mouse,Accessories,North,6.0,25.86,1051,Emma,155.16
2023-11-02,Keyboard,Accessories,East,3.0,43.52,1035,Bob,130.56
2023-01-13,Chair,Furniture,East,3.0,119.05,1072,Alice,357.15
2023-11-12,Chair,Furniture,South,3.0,134.86,1018,Bob,404.58
2023-11-09,Webcam,Accessories,North,5.0,64.0,1037,Alice,320.0
2023-02-05,Chair,Furniture,South,4.0,131.62,1069,Carla,526.48
2023-06-22,Chair,Furniture,East,2.0,121.63,1078,Diego,243.26
2023-01-20,Webcam,Accessories,South,3.0,63.45,1056,Bob,190.35
2023-11-17,Keyboard,Accessories,West,6.0,43.29,1019,Emma,259.74
2023-09-21,Chair,Furniture,North,6.0,129.16,1008,Carla,774.96
2023-05-22,Monitor,Electronics,East,3.0,251.73,1031,Alice,755.19
2023-05-23,Monitor,Electronics,South,3.0,252.66,1003,Bob,757.98
2023-04-02,Headset,Accessories,South,2.0,84.99,1049,Alice,169.98
2023-12-20,Webcam,Accessories,East,3.0,68.04,1081,Alice,204.12
2023-11-18,Headset,Accessories,East,2.0,73.28,1004,Alice,146.56
2023-10-15,Webcam,Accessories,West,6.0,66.37,1019,Diego,398.22
2023-08-03,Desk,Furniture,North,3.0,175.16,1086,Diego,525.48
2023-12-08,Desk,Furniture,North,5.0,181.98,1074,Emma,909.9
2023-02-20,Chair,Furniture,East,7.0,108.66,1036,Bob,760.62
2023-06-02,Mouse,Accessories,East,5.0,24.38,1021,Carla,121.9
2023-07-05,Desk,Furniture,North,6.0,184.62,1057,Carla,1107.72
2023-03-04,Mouse,Accessories,North,2.0,22.85,1067,Carla,45.7
2023-07-09,Desk,Furniture,North,5.0,184.1,1092,Alice,920.5
2023-05-05,Laptop,Electronics,West,2.0,1018.6,1043,Diego,2037.2
2023-05-30,Desk,Furniture,North,5.0,166.74,1033,Bob,833.7
2023-11-10,Headset,Accessories,South,5.0,87.29,1076,Alice,436.45
2023-02-27,Keyboard,Accessories,North,2.0,45.11,1041,Diego,90.22
2023-12-08,Chair,Furniture,South,4.0,127.66,1008,Diego,510.64
2023-11-01,Headset,Accessories,North,5.0,77.2,1094,Bob,386.0
2023-06-29,Keyboard,Accessories,South,3.0,42.29,1006,Bob,126.87
2023-06-19,Monitor,Electronics,North,7.0,235.03,1067,Bob,1645.21
2023-11-22,Headset,Accessories,West,6.0,73.41,1018,Alice,440.46
2023-09-28,Monitor,Electronics,North,4.0,236.6,1093,Emma,946.4
2023-02-23,Mouse,Accessories,South,2.0,26.65,1030,Bob,53.3
2023-04-11,Mouse,Accessories,West,4.0,28.01,1034,Emma,112.04
2023-09-21,Laptop,Electronics,East,1.0,993.18,1056,Alice,993.18
2023-02-22,Desk,Furniture,,1.0,192.83,1084,Emma,192.83
2023-03-01,Headset,Accessories,South,5.0,74.21,1060,Carla,371.05
2023-04-18,Monitor,Electronics,South,5.0,243.07,1030,Emma,1215.35
2023-01-05,Keyboard,Accessories,East,3.0,43.99,1082,Bob,131.97
2023-04-13,Mouse,Accessories,West,7.0,24.06,1094,Alice,168.42
2023-07-15,Desk,Furniture,East,6.0,185.18,1052,Bob,1111.08
2023-09-19,Mouse,Accessories,East,4.0,25.85,1031,Carla,103.4
2023-12-31,Keyboard,Accessories,East,1.0,44.51,1065,Bob,44.51
2023-12-16,Desk,Furniture,South,5.0,177.92,1058,Bob,889.6
2023-02-16,Desk,Furniture,North,6.0,199.29,1009,Bob,1195.74
2023-12-21,Monitor,Electronics,East,4.0,274.33,1001,Diego,1097.32
2023-11-07,Monitor,Electronics,West,5.0,244.24,1065,Carla,1221.2
2023-11-04,Headset,Accessories,North,5.0,90.28,1059,Bob,451.4
2023-05-24,Headset,Accessories,East,1.0,91.06,1087,Bob,91.06
2023-09-26,Webcam,Accessories,North,1.0,58.9,1016,Bob,58.9
2023-05-04,Chair,Furniture,South,5.0,118.63,1095,Alice,593.15
2023-04-16,Webcam,Accessories,North,2.0,61.58,1015,Diego,123.16
2023-06-07,Laptop,Electronics,South,5.0,1021.75,1015,Alice,5108.75
2023-05-27,Mouse,Accessories,,6.0,27.98,1045,Diego,167.88
2023-05-25,Headset,Accessories,SOUTH,5.0,74.05,1038,Bob,370.25
2023-04-30,Monitor,Electronics,EAST,3.0,249.55,1030,Carla,748.65
2023-11-15,Keyboard,Accessories,East,7.0,46.73,1087,Emma,327.11
2023-10-02,Monitor,Electronics,West,3.0,256.45,1000,Emma,769.35
2023-04-02,Mouse,Accessories,North,3.0,23.71,1010,Bob,71.13
2023-02-27,Webcam,Accessories,South,2.0,66.88,1084,Alice,133.76
2023-12-12,Monitor,Electronics,North,2.0,267.31,1003,Carla,534.62
2023-08-17,Chair,Furniture,West,5.0,133.14,1070,Diego,665.7
2023-04-27,Laptop,Electronics,West,3.0,1003.22,1025,Bob,3009.66
2023-11-14,Mouse,Accessories,SOUTH,2.0,27.18,1049,Carla,54.36
2023-10-06,Webcam,Accessories,West,1.0,60.59,1011,Carla,60.59
2023-05-07,Chair,Furniture,South,5.0,126.32,1094,Diego,631.6
2023-05-09,Keyboard,Accessories,East,6.0,42.3,1080,Carla,253.8
2023-02-27,Webcam,Accessories,North,7.0,64.1,1096,Alice,448.7
2023-05-02,Desk,Furniture,EAST,4.0,170.07,1074,Alice,680.28
2023-01-01,Chair,Furniture,North,5.0,128.82,1091,Alice,644.1
2023-08-27,Chair,Furniture,West,4.0,114.89,1095,Carla,459.56
2023-10-17,Laptop,Electronics,East,3.0,836.45,1064,Alice,2509.35
2023-04-06,Mouse,Accessories,East,7.0,23.53,1046,Diego,164.71
2023-05-06,Keyboard,Accessories,North,4.0,40.52,1091,Carla,162.08
2023-04-28,Laptop,Electronics,South,3.0,971.72,1052,Emma,2915.16
2023-02-17,Webcam,Accessories,North,1.0,64.99,1070,Carla,64.99
2023-03-30,Laptop,Electronics,South,4.0,925.86,1001,Diego,3703.44
2023-08-25,Chair,Furniture,North,7.0,112.84,1023,Emma,789.88
2023-09-29,Mouse,Accessories,West,5.0,23.02,1003,Carla,115.1
2023-07-08,Headset,Accessories,East,3.0,72.38,1018,Alice,217.14
2023-07-11,Laptop,Electronics,South,5.0,847.29,1025,Bob,4236.45
2023-03-10,Desk,Furniture,South,7.0,202.09,1074,Bob,1414.63
2023-10-05,Laptop,Electronics,South,,864.35,1039,Alice,1728.7
2023-12-15,Webcam,Accessories,East,3.0,59.31,1049,Bob,177.93
2023-09-04,Webcam,Accessories,South,4.0,55.58,1042,Bob,222.32
2023-03-17,Keyboard,Accessories,West,3.0,43.0,1074,Alice,129.0
2023-06-03,Webcam,Accessories,South,5.0,61.79,1066,Alice,308.95
2023-05-24,Monitor,Electronics,West,1.0,262.98,1011,Carla,262.98
2023-03-27,Mouse,Accessories,West,3.0,24.03,1066,Carla,72.09
2023-07-04,Mouse,Accessories,North,4.0,22.86,1026,Alice,91.44
2023-10-12,Headset,Accessories,West,2.0,79.82,1053,Diego,159.64
2023-08-08,Headset,Accessories,North,6.0,76.68,1065,Bob,460.08
2023-03-10,Mouse,Accessories,West,1.0,23.87,1048,Carla,23.87
2023-02-16,Desk,Furniture,South,2.0,205.19,1015,Bob,410.38
2023-04-04,Headset,Accessories,West,3.0,84.33,1001,Emma,252.99
2023-08-26,Keyboard,Accessories,West,5.0,46.76,1059,Alice,233.8
2023-07-23,Webcam,Accessories,West,7.0,60.24,1053,Diego,421.68
2023-08-06,Mouse,Accessories,East,,25.18,1029,Emma,125.9
2023-12-07,Chair,Furniture,South,4.0,124.23,1083,Emma,496.92
2023-02-08,Headset,Accessories,North,5.0,85.93,1037,Emma,429.65
2023-04-10,Mouse,Accessories,South,1.0,26.89,1027,Alice,26.89
2023-10-16,Monitor,Electronics,North,5.0,235.73,1024,Carla,1178.65
2023-09-11,Laptop,Electronics,East,4.0,922.53,1095,Alice,3690.12
2023-08-10,Webcam,Accessories,South,6.0,60.18,1009,Carla,361.08
2023-12-23,Mouse,Accessories,West,3.0,27.94,1059,Emma,83.82
2023-01-23,Laptop,Electronics,East,7.0,952.07,1041,Emma,6664.49
2023-09-07,Headset,Accessories,West,3.0,82.65,1039,Diego,247.95
2023-01-10,Laptop,Electronics,North,5.0,835.96,1096,Carla,4179.8
2023-09-03,Webcam,Accessories,West,2.0,63.08,1076,Emma,126.16
2023-11-21,Mouse,Accessories,West,3.0,23.23,1041,Bob,69.69
2023-04-10,Monitor,Electronics,South,6.0,246.08,1046,Diego,1476.48
2023-10-17,Desk,Furniture,East,5.0,168.43,1036,Alice,842.15
2023-06-29,Headset,Accessories,East,7.0,85.84,1079,Diego,600.88
2023-08-11,Mouse,Accessories,North,,23.79,1021,Bob,95.16
2023-09-07,Webcam,Accessories,South,6.0,59.88,1056,Carla,359.28
2023-05-27,Headset,Accessories,South,5.0,89.91,1083,Alice,449.55
2023-04-06,Keyboard,Accessories,North,6.0,42.8,1026,Alice,256.8
2023-09-14,Laptop,Electronics,,3.0,924.26,1040,Carla,2772.78
2023-11-21,Desk,Furniture,North,7.0,180.87,1079,Diego,1266.09
2023-01-04,Webcam,Accessories,North,4.0,54.27,1033,Emma,217.08
2023-01-16,Keyboard,Accessories,North,5.0,49.42,1031,Diego,247.1
2023-10-07,Chair,Furniture,West,1.0,110.07,1089,Bob,110.07
2023-12-02,Mouse,Accessories,South,4.0,25.46,1088,Emma,101.84
2023-09-04,Monitor,Electronics,West,1.0,260.04,1065,Diego,260.04
2023-09-15,Headset,Accessories,South,6.0,84.57,1011,Carla,507.42
2023-06-09,Laptop,Electronics,South,2.0,964.94,1039,Bob,1929.88
2023-12-06,Headset,Accessories,South,4.0,77.07,1072,Bob,308.28
2023-06-01,Desk,Furniture,South,6.0,162.45,1075,Bob,974.7
2023-06-27,Mouse,Accessories,North,,27.02,1089,Emma,27.02
2023-06-12,Headset,Accessories,East,3.0,82.71,1072,Alice,248.13
2023-02-02,Laptop,Electronics,North,3.0,998.13,1009,Emma,2994.39
2023-06-28,Mouse,Accessories,East,2.0,27.63,1095,Diego,55.26
2023-04-11,Headset,Accessories,East,4.0,88.87,1097,Alice,355.48
2023-09-25,Monitor,Electronics,North,4.0,255.32,1047,Diego,1021.28
2023-11-19,Webcam,Accessories,North,4.0,59.0,1019,Alice,236.0
2023-03-06,Mouse,Accessories,East,6.0,27.45,1038,Emma,164.7
2023-06-17,Webcam,Accessories,South,7.0,60.77,1059,Bob,425.39
2023-11-26,Chair,Furniture,North,7.0,113.5,1065,Carla,794.5
2023-02-12,Mouse,Accessories,West,2.0,27.84,1064,Bob,55.68
2023-02-13,Monitor,Electronics,North,4.0,280.16,1050,Emma,1120.64
2023-10-12,Webcam,Accessories,East,6.0,60.99,1035,Alice,365.94
2023-01-12,Keyboard,Accessories,West,3.0,41.35,1023,Bob,124.05
2023-04-05,Laptop,Electronics,North,1.0,897.26,1026,Emma,897.26
2023-10-29,Keyboard,Accessories,North,6.0,49.54,1001,Diego,297.24
2023-09-10,Headset,Accessories,North,7.0,90.04,1030,Carla,630.28
2023-08-30,Monitor,Electronics,South,7.0,237.72,1056,Bob,1664.04
2023-02-04,Keyboard,Accessories,North,3.0,41.25,1077,Alice,123.75
2023-08-03,Mouse,Accessories,East,3.0,27.98,1065,Diego,83.94
2023-12-03,Headset,Accessories,North,1.0,79.79,1028,Emma,79.79
2023-03-31,Headset,Accessories,South,3.0,82.84,1014,Carla,248.52
2023-09-21,Keyboard,Accessories,West,2.0,51.39,1011,Alice,102.78
2023-04-03,Chair,Furniture,West,1.0,110.0,1027,Emma,110.0
2023-03-31,Keyboard,Accessories,East,3.0,47.79,1083,Emma,143.37
2023-04-25,Chair,Furniture,South,5.0,110.22,1023,Bob,551.1
2023-04-15,Monitor,Electronics,East,6.0,248.47,1020,Bob,1490.82
2023-07-15,Laptop,Electronics,South,3.0,990.86,1009,Alice,2972.58
2023-11-10,Keyboard,Accessories,South,2.0,45.38,1077,Emma,90.76
2023-04-24,Desk,Furniture,North,4.0,206.87,1017,Bob,827.48
2023-03-16,Chair,Furniture,West,3.0,124.77,1087,Carla,374.31
2023-08-05,Keyboard,Accessories,South,7.0,44.11,1013,Carla,308.77
2023-10-04,Webcam,Accessories,North,7.0,57.3,1033,Emma,401.1
2023-09-06,Mouse,Accessories,South,7.0,24.69,1057,Bob,172.83
2023-06-13,Desk,Furniture,South,4.0,178.76,1075,Alice,715.04
2023-12-23,Desk,Furniture,West,7.0,165.09,1021,Alice,1155.63
2023-07-11,Chair,Furniture,East,5.0,119.09,1069,Alice,595.45
2023-08-15,Webcam,Accessories,East,3.0,60.96,1035,Carla,182.88
2023-06-26,Webcam,Accessories,North,7.0,64.84,1044,Bob,453.88
2023-04-09,Headset,Accessories,South,1.0,85.13,1035,Bob,85.13
2023-02-05,Chair,Furniture,South,4.0,129.26,1021,Carla,517.04
2023-04-06,Laptop,Electronics,North,5.0,811.88,1077,Alice,4059.4
2023-06-01,Mouse,Accessories,North,1.0,23.86,1079,Alice,23.86
2023-05-31,Monitor,Electronics,East,1.0,266.36,1060,Emma,266.36
2023-07-09,Desk,Furniture,North,1.0,183.78,1099,Diego,183.78
2023-08-12,Monitor,Electronics,South,1.0,225.33,1055,Bob,225.33
2023-02-06,Keyboard,Accessories,North,3.0,49.55,1088,Bob,148.65
2023-09-25,Keyboard,Accessories,North,7.0,49.19,1095,Bob,344.33
2023-07-02,Monitor,Electronics,North,6.0,259.28,1032,Diego,1555.68
2023-01-13,Keyboard,Accessories,West,3.0,41.25,1044,Emma,123.75
2023-10-06,Laptop,Electronics,West,3.0,982.47,1035,Diego,2947.41
2023-08-05,Webcam,Accessories,West,5.0,62.76,1019,Alice,313.8
2023-12-21,Keyboard,Accessories,South,5.0,49.3,1017,Alice,246.5
2023-12-27,Headset,Accessories,North,7.0,87.03,1037,Bob,609.21
2023-10-13,Keyboard,Accessories,South,6.0,49.53,1066,Carla,297.18
2023-09-30,Mouse,Accessories,South,5.0,25.74,1022,Bob,128.7
2023-03-03,Laptop,Electronics,West,7.0,841.57,1095,Carla,5890.99
2023-03-25,Mouse,Accessories,North,7.0,26.69,1015,Diego,186.83
2023-08-05,Mouse,Accessories,South,2.0,26.38,1058,Alice,52.76
2023-12-08,Headset,Accessories,North,6.0,86.85,1068,Carla,521.1
2023-07-06,Laptop,Electronics,South,5.0,848.22,1067,Diego,4241.1
2023-01-19,Laptop,Electronics,East,6.0,853.87,1020,Alice,5123.22
2023-06-26,Chair,Furniture,South,3.0,134.71,1077,Carla,404.13
2023-04-10,Laptop,Electronics,South,3.0,978.75,1094,Bob,2936.25
2023-08-21,Laptop,Electronics,South,6.0,1014.35,1077,Bob,6086.1
2023-03-17,Laptop,Electronics,South,2.0,980.71,1069,Bob,1961.42
2023-09-22,Headset,Accessories,East,,83.94,1011,Diego,167.88
2023-10-11,Keyboard,Accessories,West,6.0,47.86,1015,Bob,287.16
2023-07-25,Chair,Furniture,West,5.0,134.67,1080,Emma,673.35
2023-08-11,Mouse,Accessories,East,4.0,26.12,1086,Alice,104.48
2023-02-21,Laptop,Electronics,South,2.0,952.29,1013,Diego,1904.58
2023-12-05,Desk,Furniture,East,1.0,169.04,1060,Bob,169.04
2023-05-24,Keyboard,Accessories,South,3.0,45.83,1070,Alice,137.49
2023-03-10,Keyboard,Accessories,North,6.0,48.56,1045,Carla,291.36
2023-04-09,Mouse,Accessories,West,1.0,24.19,1031,Bob,24.19
2023-01-25,Headset,Accessories,North,6.0,76.05,1014,Alice,456.3
2023-02-22,Monitor,Electronics,West,7.0,244.61,1043,Emma,1712.27
2023-05-31,Monitor,Electronics,South,3.0,240.09,1016,Carla,720.27
2023-05-24,Keyboard,Accessories,East,3.0,42.92,1040,Emma,128.76
2023-02-26,Webcam,Accessories,East,2.0,60.37,1053,Alice,120.74
2023-02-08,Webcam,Accessories,West,2.0,67.62,1043,Emma,135.24
2023-04-19,Mouse,Accessories,East,1.0,25.67,1097,Alice,25.67
2023-06-30,Monitor,Electronics,East,7.0,236.75,1004,Alice,1657.25
2023-02-11,Keyboard,Accessories,North,6.0,41.37,1026,Emma,248.22
2023-07-05,Headset,Accessories,South,7.0,85.92,1086,Alice,601.44
2023-08-11,Monitor,Electronics,North,3.0,248.92,1077,Bob,746.76
2023-05-02,Keyboard,Accessories,East,,49.75,1078,Alice,49.75
2023-05-13,Keyboard,Accessories,South,,47.92,1042,Diego,191.68
2023-06-12,Laptop,Electronics,East,1.0,989.15,1096,Alice,989.15
2023-08-03,Headset,Accessories,North,5.0,77.44,1030,Diego,387.2
2023-08-09,Laptop,Electronics,North,1.0,965.78,1098,Alice,965.78
2023-08-23,Mouse,Accessories,East,7.0,24.15,1016,Alice,169.05
2023-11-27,Laptop,Electronics,North,5.0,1021.29,1091,Emma,5106.45
2023-05-26,Desk,Furniture,North,5.0,190.64,1082,Bob,953.2
2023-08-27,Laptop,Electronics,North,5.0,883.02,1053,Bob,4415.1
2023-03-17,Desk,Furniture,West,4.0,174.13,1061,Carla,696.52
2023-01-09,Monitor,Electronics,,1.0,236.93,1086,Emma,236.93
2023-03-15,Webcam,Accessories,South,7.0,64.42,1031,Emma,450.94
2023-09-10,Chair,Furniture,North,1.0,114.56,1039,Bob,114.56
2023-08-18,Chair,Furniture,South,4.0,125.86,1012,Emma,503.44
2023-01-07,Keyboard,Accessories,East,3.0,43.48,1083,Bob,130.44
2023-06-23,Chair,Furniture,East,2.0,127.86,1034,Emma,255.72
2023-05-21,Desk,Furniture,North,7.0,198.67,1004,Alice,1390.69
2023-06-17,Headset,Accessories,North,7.0,87.56,1072,Bob,612.92
2023-06-19,Laptop,Electronics,North,1.0,981.19,1028,Bob,981.19
2023-10-10,Desk,Furniture,East,2.0,170.45,1069,Diego,340.9
2023-05-02,Headset,Accessories,East,6.0,73.77,1024,Emma,442.62
2023-07-13,Webcam,Accessories,North,6.0,64.48,1094,Emma,386.88
2023-01-05,Chair,Furniture,North,4.0,119.05,1021,Bob,476.2
2023-01-29,Webcam,Accessories,North,6.0,60.49,1065,Alice,362.94
2023-06-14,Chair,Furniture,West,7.0,108.93,1044,Alice,762.51
2023-12-05,Laptop,Electronics,,6.0,868.4,1068,Alice,5210.4
2023-05-16,Mouse,Accessories,East,3.0,22.71,1090,Emma,68.13
2023-12-31,Laptop,Electronics,East,3.0,1007.82,1088,Diego,3023.46
2023-11-17,Monitor,Electronics,South,3.0,240.21,1071,Bob,720.63
2023-12-08,Desk,Furniture,North,6.0,187.08,1000,Carla,1122.48
2023-05-25,Keyboard,Accessories,North,4.0,40.94,1083,Diego,163.76
2023-11-23,Mouse,Accessories,East,5.0,26.67,1043,Carla,133.35
2023-08-05,Laptop,Electronics,East,5.0,882.68,1086,Diego,4413.4
2023-10-28,Headset,Accessories,East,2.0,89.96,1095,Alice,179.92
2023-05-12,Mouse,Accessories,South,5.0,28.05,1074,Emma,140.25
2023-10-19,Desk,Furniture,North,5.0,176.64,1038,Carla,883.2
2023-03-11,Chair,Furniture,West,3.0,135.03,1053,Diego,405.09
2023-09-09,Mouse,Accessories,East,3.0,28.73,1087,Emma,86.19
2023-10-02,Chair,Furniture,North,6.0,132.76,1074,Carla,796.56
2023-12-30,Desk,Furniture,West,2.0,200.02,1028,Bob,400.04
2023-07-01,Laptop,Electronics,East,1.0,866.03,1053,Diego,866.03
2023-06-16,Desk,Furniture,East,7.0,187.95,1089,Bob,1315.65
2023-04-01,Mouse,Accessories,East,2.0,22.92,1015,Alice,45.84
2023-07-21,Headset,Accessories,West,2.0,73.9,1098,Bob,147.8
2023-12-12,Webcam,Accessories,East,4.0,68.98,1019,Bob,275.92
2023-01-19,Mouse,Accessories,North,,24.54,1045,Diego,147.24
2023-02-08,Desk,Furniture,SOUTH,4.0,195.67,1066,Alice,782.68
2023-05-06,Webcam,Accessories,West,2.0,66.1,1064,Bob,132.2
2023-06-22,Desk,Furniture,North,2.0,200.61,1057,Emma,401.22
2023-05-21,Headset,Accessories,South,2.0,91.95,1052,Carla,183.9
2023-08-30,Desk,Furniture,South,5.0,172.87,1000,Bob,864.35
2023-08-08,Laptop,Electronics,South,7.0,819.08,1080,Alice,5733.56
2023-05-06,Keyboard,Accessories,East,7.0,45.13,1065,Bob,315.91
2023-02-27,Chair,Furniture,West,4.0,111.9,1028,Carla,447.6
2023-05-28,Chair,Furniture,North,2.0,108.67,1083,Alice,217.34
2023-11-13,Mouse,Accessories,North,7.0,24.75,1069,Diego,173.25
2023-12-27,Keyboard,Accessories,North,3.0,49.32,1007,Alice,147.96
2023-01-01,Desk,Furniture,West,7.0,187.48,1028,Diego,1312.36
2023-12-14,Headset,Accessories,East,6.0,78.26,1050,Alice,469.56
2023-07-09,Mouse,Accessories,North,6.0,26.59,1032,Carla,159.54
2023-07-10,Desk,Furniture,West,7.0,172.44,1002,Carla,1207.08
2023-11-08,Webcam,Accessories,WEST,3.0,54.22,1059,Alice,162.66
2023-04-27,Monitor,Electronics,West,6.0,272.77,1034,Bob,1636.62
2023-05-14,Desk,Furniture,West,5.0,190.07,1068,Carla,950.35
2023-02-27,Keyboard,Accessories,North,7.0,49.08,1090,Diego,343.56
2023-02-13,Mouse,Accessories,,5.0,22.74,1075,Diego,113.7
2023-06-22,Keyboard,Accessories,South,7.0,49.92,1083,Emma,349.44
2023-06-09,Mouse,Accessories,West,1.0,26.37,1019,Diego,26.37
2023-06-22,Desk,Furniture,East,1.0,187.35,1072,Emma,187.35
2023-11-13,Laptop,Electronics,East,1.0,950.54,1038,Alice,950.54
2023-10-30,Webcam,Accessories,East,6.0,66.97,1003,Alice,401.82
2023-05-29,Desk,Furniture,North,5.0,188.41,1018,Alice,942.05
2023-03-21,Chair,Furniture,South,5.0,125.43,1090,Bob,627.15
2023-08-01,Keyboard,Accessories,West,5.0,51.65,1044,Bob,258.25
2023-07-22,Monitor,Electronics,WEST,3.0,272.3,1042,Emma,816.9
2023-09-09,Monitor,Electronics,North,5.0,252.64,1012,Diego,1263.2
2023-08-17,Headset,Accessories,North,3.0,86.15,1012,Diego,258.45
2023-06-13,Mouse,Accessories,North,1.0,24.93,1059,Alice,24.93
2023-08-15,Keyboard,Accessories,East,1.0,43.07,1056,Carla,43.07
2023-05-27,Headset,Accessories,West,6.0,83.94,1085,Bob,503.64
2023-01-20,Keyboard,Accessories,North,7.0,50.94,1091,Bob,356.58
2023-02-16,Chair,Furniture,South,1.0,135.87,1051,Alice,135.87
2023-08-21,Mouse,Accessories,,7.0,24.64,1052,Bob,172.48
2023-11-01,Desk,Furniture,East,7.0,185.75,1085,Alice,1300.25
2023-01-14,Desk,Furniture,South,6.0,171.52,1042,Emma,1029.12
2023-05-23,Monitor,Electronics,East,2.0,287.23,1082,Diego,574.46
2023-01-01,Desk,Furniture,South,2.0,206.15,1071,Carla,412.3
2023-02-23,Desk,Furniture,North,4.0,191.23,1071,Diego,764.92
2023-09-16,Chair,Furniture,East,6.0,132.13,1041,Diego,792.78
2023-05-24,Laptop,Electronics,East,4.0,970.9,1089,Emma,3883.6
2023-01-12,Monitor,Electronics,West,4.0,262.07,1025,Bob,1048.28
2023-11-26,Headset,Accessories,East,2.0,73.07,1022,Carla,146.14
2023-08-12,Webcam,Accessories,EAST,6.0,60.82,1042,Bob,364.92
2023-09-29,Laptop,Electronics,North,2.0,961.83,1076,Diego,1923.66
2023-12-24,Headset,Accessories,South,4.0,85.55,1027,Alice,342.2
2023-06-05,Mouse,Accessories,North,6.0,24.83,1008,Diego,148.98
2023-01-08,Laptop,Electronics,NORTH,4.0,1021.88,1019,Bob,4087.52
2023-05-02,Chair,Furniture,East,5.0,113.02,1055,Diego,565.1
2023-12-14,Headset,Accessories,West,7.0,82.01,1082,Alice,574.07
2023-06-13,Mouse,Accessories,North,6.0,26.82,1038,Emma,160.92
2023-03-31,Monitor,Electronics,South,6.0,268.57,1050,Bob,1611.42
2023-05-16,Webcam,Accessories,West,7.0,63.73,1011,Diego,446.11
2023-07-05,Mouse,Accessories,North,4.0,24.22,1078,Bob,96.88
2023-11-12,Desk,Furniture,East,5.0,169.03,1094,Emma,845.15
2023-06-27,Keyboard,Accessories,East,3.0,47.65,1054,Diego,142.95
2023-01-28,Mouse,Accessories,East,7.0,26.25,1077,Diego,183.75
2023-08-08,Mouse,Accessories,North,2.0,23.62,1010,Bob,47.24
2023-12-23,Webcam,Accessories,South,4.0,64.58,1025,Bob,258.32
2023-02-10,Keyboard,Accessories,East,7.0,45.62,1041,Alice,319.34
2023-08-16,Desk,Furniture,East,7.0,192.05,1026,Emma,1344.35
2023-07-11,Headset,Accessories,,6.0,88.75,1010,Alice,532.5
2023-05-25,Headset,Accessories,East,2.0,75.39,1037,Diego,150.78
2023-07-20,Mouse,Accessories,North,2.0,22.62,1097,Bob,45.24
2023-07-31,Chair,Furniture,East,2.0,131.37,1042,Diego,262.74
2023-08-08,Chair,Furniture,North,7.0,126.29,1018,Diego,884.03
2023-08-28,Keyboard,Accessories,West,3.0,48.37,1063,Carla,145.11
2023-02-15,Keyboard,Accessories,South,1.0,49.93,1005,Carla,49.93
2023-02-04,Desk,Furniture,South,4.0,198.13,1045,Diego,792.52
2023-09-10,Webcam,Accessories,North,1.0,68.41,1041,Bob,68.41
2023-03-23,Monitor,Electronics,South,7.0,258.5,1091,Diego,1809.5
2023-09-13,Headset,Accessories,WEST,1.0,81.77,1064,Carla,81.77
2023-07-16,Webcam,Accessories,West,7.0,60.03,1098,Bob,420.21
2023-10-30,Laptop,Electronics,South,1.0,844.58,1071,Diego,844.58
2023-01-10,Headset,Accessories,South,2.0,83.45,1058,Emma,166.9
2023-11-08,Webcam,Accessories,East,5.0,58.16,1051,Emma,290.8
2023-10-13,Headset,Accessories,West,2.0,90.43,1046,Diego,180.86
2023-08-30,Monitor,Electronics,East,2.0,261.45,1006,Bob,522.9
2023-09-08,Laptop,Electronics,South,,943.39,1010,Diego,5660.34
2023-12-31,Chair,Furniture,South,6.0,118.65,1060,Diego,711.9
2023-01-05,Chair,Furniture,East,1.0,109.56,1067,Carla,109.56
2023-04-29,Monitor,Electronics,North,7.0,226.98,1024,Emma,1588.86
2023-10-16,Desk,Furniture,East,2.0,181.05,1011,Carla,362.1
2023-03-06,Laptop,Electronics,South,1.0,829.03,1025,Carla,829.03
2023-05-26,Mouse,Accessories,East,6.0,26.29,1011,Diego,157.74
2023-08-12,Webcam,Accessories,North,5.0,67.21,1042,Carla,336.05
2023-08-27,Laptop,Electronics,East,4.0,1008.66,1050,Emma,4034.64
2023-06-26,Desk,Furniture,South,1.0,191.66,1036,Carla,191.66
2023-09-24,Desk,Furniture,East,5.0,171.51,1045,Emma,857.55
2023-12-07,Monitor,Electronics,North,4.0,278.94,1052,Carla,1115.76
2023-10-09,Headset,Accessories,East,3.0,89.72,1087,Emma,269.16
2023-03-04,Laptop,Electronics,East,1.0,854.25,1079,Carla,854.25
2023-08-05,Webcam,Accessories,East,1.0,65.06,1012,Carla,65.06
2023-12-08,Laptop,Electronics,East,3.0,874.47,1088,Bob,2623.41
2023-11-11,Keyboard,Accessories,EAST,3.0,49.53,1053,Emma,148.59
2023-10-10,Headset,Accessories,West,1.0,91.94,1056,Emma,91.94
2023-06-26,Webcam,Accessories,North,3.0,54.45,1003,Emma,163.35
2023-04-08,Chair,Furniture,West,2.0,134.92,1074,Alice,269.84
2023-04-15,Webcam,Accessories,South,4.0,63.34,1095,Carla,253.36
2023-04-09,Mouse,Accessories,North,4.0,28.58,1048,Emma,114.32
2023-11-07,Monitor,Electronics,North,4.0,254.06,1006,Alice,1016.24
2023-01-06,Mouse,Accessories,South,2.0,27.8,1010,Bob,55.6
2023-07-16,Webcam,Accessories,East,7.0,54.94,1091,Emma,384.58
2023-12-17,Headset,Accessories,East,3.0,78.71,1053,Emma,236.13
2023-05-13,Laptop,Electronics,East,5.0,825.08,1086,Alice,4125.4
2023-12-24,Chair,Furniture,South,3.0,137.26,1044,Carla,411.78
2023-09-16,Laptop,Electronics,South,1.0,993.82,1022,Bob,993.82
2023-01-23,Headset,Accessories,North,6.0,89.05,1027,Emma,534.3
2023-02-22,Webcam,Accessories,South,4.0,68.07,1056,Carla,272.28
2023-06-14,Desk,Furniture,South,3.0,165.83,1025,Bob,497.49
2023-07-21,Laptop,Electronics,North,5.0,896.76,1024,Diego,4483.8
2023-03-24,Desk,Furniture,North,1.0,165.2,1053,Diego,165.2
2023-05-25,Laptop,Electronics,East,2.0,857.43,1028,Bob,1714.86
2023-03-26,Laptop,Electronics,East,7.0,861.61,1082,Alice,6031.27
2023-03-19,Chair,Furniture,West,2.0,122.07,1096,Bob,244.14
2023-01-01,Monitor,Electronics,West,5.0,241.79,1035,Bob,1208.95
2023-02-20,Monitor,Electronics,EAST,1.0,231.31,1013,Alice,231.31
2023-06-22,Keyboard,Accessories,South,4.0,42.38,1077,Alice,169.52
2023-07-24,Mouse,Accessories,East,3.0,23.42,1034,Carla,70.26
2023-09-17,Headset,Accessories,East,1.0,91.46,1029,Carla,91.46
2023-10-15,Headset,Accessories,North,7.0,87.19,1091,Alice,610.33
2023-02-03,Headset,Accessories,South,2.0,91.36,1016,Diego,182.72
2023-12-14,Keyboard,Accessories,West,7.0,45.45,1066,Diego,318.15
2023-04-05,Monitor,Electronics,South,7.0,242.4,1079,Bob,1696.8
2023-03-13,Webcam,Accessories,East,5.0,65.97,1029,Emma,329.85
2023-02-08,Desk,Furniture,East,5.0,176.68,1092,Bob,883.4
2023-06-03,Chair,Furniture,North,3.0,116.98,1044,Bob,350.94
2023-09-07,Desk,Furniture,South,5.0,172.46,1078,Emma,862.3
2023-06-11,Webcam,Accessories,South,5.0,55.95,1088,Alice,279.75
2023-04-28,Chair,Furniture,North,1.0,115.69,1050,Diego,115.69
2023-09-16,Keyboard,Accessories,North,4.0,44.5,1046,Bob,178.0
2023-11-02,Webcam,Accessories,West,3.0,64.11,1052,Emma,192.33
2023-09-25,Headset,Accessories,North,1.0,73.25,1063,Carla,73.25
2023-02-23,Mouse,Accessories,,4.0,23.82,1037,Bob,95.28
2023-08-24,Laptop,Electronics,North,7.0,992.03,1063,Diego,6944.21
2023-08-10,Desk,Furniture,West,1.0,168.61,1086,Alice,168.61
2023-09-08,Monitor,Electronics,North,6.0,246.42,1088,Bob,1478.52
2023-11-09,Monitor,Electronics,South,1.0,279.04,1006,Bob,279.04
2023-04-22,Keyboard,Accessories,West,5.0,42.24,1021,Emma,211.2
2023-09-12,Chair,Furniture,,4.0,110.48,1080,Carla,441.92
2023-10-30,Monitor,Electronics,North,3.0,255.28,1081,Carla,765.84
2023-07-26,Headset,Accessories,West,3.0,78.05,1040,Alice,234.15
2023-08-17,Desk,Furniture,South,4.0,187.35,1073,Diego,749.4
2023-12-07,Webcam,Accessories,South,5.0,66.06,1009,Alice,330.3
2023-03-07,Headset,Accessories,North,2.0,74.74,1056,Bob,149.48
2023-03-16,Keyboard,Accessories,North,1.0,47.03,1006,Bob,47.03
2023-04-13,Headset,Accessories,East,5.0,82.11,1049,Carla,410.55
2023-07-11,Webcam,Accessories,South,6.0,56.16,1090,Diego,336.96
2023-09-09,Mouse,Accessories,South,7.0,26.4,1051,Emma,184.8
2023-08-14,Keyboard,Accessories,East,4.0,43.58,1032,Diego,174.32
2023-10-21,Mouse,Accessories,East,1.0,25.55,1000,Bob,25.55
2023-11-02,Laptop,Electronics,North,3.0,828.51,1052,Emma,2485.53
2023-04-08,Mouse,Accessories,East,7.0,25.37,1059,Diego,177.59
2023-12-04,Laptop,Electronics,North,2.0,878.95,1033,Diego,1757.9
2023-10-13,Laptop,Electronics,East,6.0,995.04,1003,Emma,5970.24
2023-12-01,Mouse,Accessories,East,3.0,22.86,1016,Bob,68.58
2023-12-13,Keyboard,Accessories,WEST,4.0,45.21,1003,Diego,180.84
2023-11-04,Chair,Furniture,North,1.0,121.75,1042,Emma,121.75
2023-09-06,Webcam,Accessories,North,4.0,64.88,1089,Bob,259.52
2023-06-15,Headset,Accessories,North,7.0,83.49,1003,Emma,584.43
2023-12-01,Headset,Accessories,North,1.0,85.34,1000,Emma,85.34
2023-01-30,Webcam,Accessories,North,5.0,65.66,1070,Diego,328.3
2023-09-04,Desk,Furniture,West,2.0,200.8,1093,Bob,401.6
2023-04-16,Desk,Furniture,North,5.0,176.12,1049,Diego,880.6
2023-02-20,Laptop,Electronics,North,5.0,931.06,1072,Alice,4655.3
2023-03-22,Laptop,Electronics,East,4.0,999.02,1060,Alice,3996.08
2023-05-13,Keyboard,Accessories,South,7.0,51.63,1034,Bob,361.41
2023-10-12,Monitor,Electronics,East,2.0,280.59,1007,Emma,561.18
2023-05-18,Mouse,Accessories,North,1.0,24.82,1023,Diego,24.82
2023-07-03,Laptop,Electronics,South,1.0,853.91,1082,Diego,853.91
2023-11-26,Headset,Accessories,North,6.0,81.79,1035,Bob,490.74
2023-09-30,Keyboard,Accessories,North,3.0,48.84,1049,Bob,146.52
2023-12-06,Mouse,Accessories,West,,25.58,1042,Alice,153.48
2023-03-10,Keyboard,Accessories,North,6.0,45.94,1026,Carla,275.64
2023-02-03,Mouse,Accessories,South,1.0,27.74,1031,Bob,27.74
2023-09-19,Mouse,Accessories,South,4.0,24.76,1077,Carla,99.04
2023-02-22,Webcam,Accessories,South,5.0,66.9,1017,Bob,334.5
2023-07-24,Laptop,Electronics,West,7.0,901.53,1027,Emma,6310.71
2023-05-06,Chair,Furniture,North,5.0,117.85,1028,Emma,589.25
2023-08-23,Keyboard,Accessories,East,5.0,45.61,1015,Alice,228.05
2023-02-12,Chair,Furniture,West,2.0,130.87,1098,Alice,261.74
2023-08-28,Keyboard,Accessories,East,1.0,41.92,1046,Carla,41.92
2023-04-21,Webcam,Accessories,,7.0,56.95,1058,Bob,398.65
2023-09-06,Headset,Accessories,North,4.0,91.03,1030,Diego,364.12
2023-05-31,Chair,Furniture,South,2.0,113.26,1003,Alice,226.52
2023-07-02,Headset,Accessories,North,,83.35,1036,Diego,250.05
2023-12-02,Desk,Furniture,East,4.0,188.07,1016,Diego,752.28
2023-04-05,Laptop,Electronics,West,6.0,920.17,1038,Bob,5521.02
2023-01-08,Laptop,Electronics,,4.0,955.07,1047,Carla,3820.28
2023-12-26,Monitor,Electronics,East,4.0,239.36,1045,Bob,957.44
2023-07-03,Webcam,Accessories,North,5.0,62.29,1089,Alice,311.45
2023-10-08,Headset,Accessories,East,4.0,79.44,1047,Diego,317.76
2023-07-14,Mouse,Accessories,South,6.0,26.64,1038,Bob,159.84
2023-12-18,Keyboard,Accessories,WEST,6.0,42.09,1003,Bob,252.54
2023-07-14,Laptop,Electronics,East,1.0,938.45,1029,Bob,938.45
2023-06-04,Chair,Furniture,South,4.0,113.56,1029,Alice,454.24
2023-04-03,Keyboard,Accessories,North,5.0,43.63,1021,Carla,218.15
2023-06-09,Keyboard,Accessories,North,4.0,42.96,1074,Bob,171.84
2023-03-02,Monitor,Electronics,North,3.0,236.43,1065,Alice,709.29
2023-05-02,Headset,Accessories,North,3.0,88.51,1011,Diego,265.53
2023-02-20,Laptop,Electronics,West,5.0,874.28,1093,Emma,4371.4
2023-10-04,Keyboard,Accessories,East,1.0,50.93,1035,Alice,50.93
2023-01-05,Laptop,Electronics,South,1.0,1028.23,1017,Emma,1028.23
2023-04-02,Mouse,Accessories,North,6.0,26.07,1089,Bob,156.42
2023-06-19,Monitor,Electronics,West,6.0,233.94,1052,Bob,1403.64
2023-11-13,Mouse,Accessories,East,2.0,24.84,1070,Alice,49.68
2023-01-22,Laptop,Electronics,North,5.0,989.49,1000,Emma,4947.45
2023-11-22,Desk,Furniture,East,4.0,178.53,1057,Bob,714.12
2023-01-01,Chair,Furniture,South,7.0,110.61,1089,Diego,774.27
2023-05-13,Laptop,Electronics,North,5.0,935.28,1086,Carla,4676.4
2023-08-21,Headset,Accessories,South,,88.9,1089,Carla,177.8
2023-01-12,Keyboard,Accessories,South,6.0,49.45,1005,Bob,296.7
2023-12-12,Keyboard,Accessories,North,5.0,42.47,1069,Emma,212.35
2023-02-15,Mouse,Accessories,West,5.0,26.7,1043,Bob,133.5
2023-02-03,Chair,Furniture,West,6.0,114.62,1071,Emma,687.72
2023-03-19,Monitor,Electronics,East,2.0,238.64,1023,Diego,477.28
2023-08-06,Desk,Furniture,South,6.0,201.33,1085,Emma,1207.98
2023-10-28,Webcam,Accessories,South,1.0,57.75,1018,Bob,57.75
2023-03-14,Chair,Furniture,East,4.0,115.9,1017,Diego,463.6
2023-10-09,Keyboard,Accessories,South,6.0,40.51,1094,Alice,243.06
2023-09-06,Headset,Accessories,North,2.0,89.41,1029,Carla,178.82
2023-02-16,Chair,Furniture,South,3.0,131.78,1041,Bob,395.34
2023-05-01,Mouse,Accessories,West,1.0,26.42,1032,Bob,26.42
2023-08-02,Mouse,Accessories,South,3.0,27.19,1073,Bob,81.57
2023-08-27,Webcam,Accessories,North,7.0,56.28,1011,Diego,393.96
2023-02-25,Headset,Accessories,East,6.0,81.17,1093,Alice,487.02
2023-12-16,Monitor,Electronics,North,1.0,246.95,1026,Emma,246.95
2023-04-17,Chair,Furniture,North,4.0,110.81,1038,Alice,443.24
2023-11-15,Headset,Accessories,North,6.0,81.72,1008,Diego,490.32
2023-02-17,Monitor,Electronics,South,,282.55,1020,Bob,1130.2
2023-03-02,Headset,Accessories,EAST,5.0,72.8,1075,Carla,364.0
2023-12-03,Headset,Accessories,South,3.0,77.83,1028,Bob,233.49
2023-01-26,Laptop,Electronics,North,1.0,856.7,1032,Emma,856.7
2023-10-19,Mouse,Accessories,West,4.0,23.99,1061,Carla,95.96
2023-09-14,Chair,Furniture,West,2.0,135.25,1014,Bob,270.5
2023-01-08,Headset,Accessories,West,4.0,81.36,1001,Carla,325.44
2023-04-23,Chair,Furniture,North,2.0,121.99,1051,Alice,243.98
2023-12-21,Webcam,Accessories,South,6.0,65.41,1043,Diego,392.46
2023-09-10,Headset,Accessories,West,1.0,75.09,1053,Bob,75.09
2023-06-29,Keyboard,Accessories,East,4.0,45.98,1017,Emma,183.92
2023-07-26,Mouse,Accessories,North,7.0,25.19,1002,Alice,176.33
2023-10-30,Keyboard,Accessories,NORTH,4.0,47.22,1006,Bob,188.88
2023-05-07,Chair,Furniture,South,7.0,137.99,1042,Alice,965.93
2023-02-25,Chair,Furniture,,1.0,131.08,1081,Emma,131.08
2023-08-02,Mouse,Accessories,South,4.0,24.99,1037,Bob,99.96
2023-01-14,Chair,Furniture,South,2.0,132.83,1036,Emma,265.66
2023-01-28,Keyboard,Accessories,North,4.0,42.42,1057,Carla,169.68
2023-03-19,Headset,Accessories,East,3.0,72.61,1032,Emma,217.83
2023-08-04,Headset,Accessories,West,6.0,76.09,1058,Carla,456.54
2023-12-31,Laptop,Electronics,South,5.0,886.59,1094,Bob,4432.95
2023-06-03,Webcam,Accessories,East,2.0,61.66,1010,Carla,123.32
2023-01-14,Chair,Furniture,West,3.0,126.45,1067,Bob,379.35
2023-07-06,Keyboard,Accessories,North,7.0,50.74,1081,Bob,355.18
2023-11-08,Chair,Furniture,South,6.0,123.3,1067,Diego,739.8
2023-01-07,Chair,Furniture,North,1.0,123.04,1097,Bob,123.04
2023-01-03,Monitor,Electronics,East,2.0,228.14,1092,Carla,456.28
2023-04-21,Laptop,Electronics,East,5.0,817.86,1087,Diego,4089.3
2023-08-26,Keyboard,Accessories,East,6.0,46.7,1021,Diego,280.2
2023-12-29,Keyboard,Accessories,East,7.0,45.43,1065,Bob,318.01
2023-08-27,Chair,Furniture,South,5.0,133.18,1043,Emma,665.9
2023-10-01,Laptop,Electronics,West,1.0,846.15,1005,Emma,846.15
2023-10-21,Headset,Accessories,South,1.0,72.5,1041,Diego,72.5
2023-08-15,Keyboard,Accessories,NORTH,7.0,45.55,1024,Bob,318.85
2023-01-15,Headset,Accessories,East,2.0,76.75,1056,Emma,153.5
2023-07-11,Laptop,Electronics,East,7.0,821.16,1084,Bob,5748.12
2023-04-29,Headset,Accessories,South,4.0,86.49,1054,Bob,345.96
2023-01-28,Mouse,Accessories,West,1.0,23.2,1015,Diego,23.2
2023-07-21,Monitor,Electronics,West,6.0,263.02,1094,Diego,1578.12
2023-02-08,Desk,Furniture,North,4.0,174.65,1013,Alice,698.6
2023-09-30,Keyboard,Accessories,West,3.0,42.45,1038,Emma,127.35
2023-08-19,Webcam,Accessories,North,5.0,59.7,1027,Emma,298.5
2023-03-27,Monitor,Electronics,North,4.0,275.09,1095,Emma,1100.36
2023-05-06,Desk,Furniture,North,,179.64,1091,Carla,898.2
2023-10-27,Headset,Accessories,West,7.0,87.02,1050,Bob,609.14
2023-01-25,Keyboard,Accessories,East,4.0,41.91,1048,Diego,167.64
2023-05-25,Headset,Accessories,North,7.0,87.46,1008,Emma,612.22
2023-01-13,Mouse,Accessories,South,3.0,23.98,1057,Alice,71.94
2023-07-31,Laptop,Electronics,East,1.0,962.41,1044,Emma,962.41
2023-01-25,Keyboard,Accessories,North,3.0,46.87,1021,Bob,140.61
2023-03-09,Desk,Furniture,West,1.0,203.81,1031,Bob,203.81
2023-03-08,Desk,Furniture,West,7.0,179.43,1068,Diego,1256.01
2023-08-21,Mouse,Accessories,South,1.0,22.91,1086,Carla,22.91
2023-04-19,Mouse,Accessories,West,5.0,22.62,1068,Diego,113.1
2023-05-26,Chair,Furniture,South,6.0,132.81,1041,Emma,796.86
2023-04-21,Keyboard,Accessories,West,3.0,46.4,1052,Alice,139.2
2023-08-16,Headset,Accessories,East,4.0,87.5,1095,Diego,350.0
2023-04-21,Webcam,Accessories,East,3.0,57.52,1058,Carla,172.56
2023-02-03,Desk,Furniture,North,5.0,177.53,1073,Diego,887.65
2023-04-21,Desk,Furniture,West,1.0,163.35,1038,Bob,163.35
2023-09-21,Mouse,Accessories,South,5.0,28.51,1014,Emma,142.55
2023-08-24,Monitor,Electronics,North,2.0,266.74,1070,Emma,533.48
2023-03-24,Mouse,Accessories,North,2.0,28.33,1028,Emma,56.66
2023-02-11,Webcam,Accessories,East,4.0,57.98,1002,Emma,231.92
2023-04-11,Headset,Accessories,South,5.0,84.23,1082,Emma,421.15
2023-01-06,Headset,Accessories,EAST,7.0,85.57,1009,Emma,598.99
2023-06-29,Monitor,Electronics,West,4.0,244.85,1091,Alice,979.4
2023-10-09,Desk,Furniture,North,7.0,200.16,1028,Carla,1401.12
2023-11-16,Mouse,Accessories,East,4.0,28.42,1078,Emma,113.68
2023-08-14,Chair,Furniture,North,2.0,134.55,1034,Carla,269.1
2023-11-11,Headset,Accessories,West,4.0,86.78,1005,Emma,347.12
2023-12-31,Webcam,Accessories,West,2.0,58.16,1011,Diego,116.32
2023-08-17,Keyboard,Accessories,South,1.0,43.67,1037,Emma,43.67
2023-10-16,Laptop,Electronics,East,7.0,1026.76,1076,Bob,7187.32
2023-05-30,Laptop,Electronics,SOUTH,5.0,812.31,1092,Alice,4061.55
2023-10-04,Laptop,Electronics,South,4.0,971.11,1018,Diego,3884.44
2023-07-17,Chair,Furniture,West,2.0,129.19,1066,Diego,258.38
2023-03-11,Desk,Furniture,SOUTH,3.0,190.02,1007,Bob,570.06
2023-04-22,Mouse,Accessories,South,7.0,28.69,1007,Emma,200.83
2023-01-04,Monitor,Electronics,South,4.0,244.49,1083,Alice,977.96
2023-12-16,Chair,Furniture,West,6.0,118.2,1046,Diego,709.2
2023-11-27,Chair,Furniture,South,1.0,110.37,1003,Alice,110.37
2023-11-14,Headset,Accessories,North,1.0,80.86,1050,Diego,80.86
2023-12-16,Keyboard,Accessories,East,3.0,43.44,1084,Emma,130.32
2023-04-05,Chair,Furniture,West,2.0,118.3,1066,Diego,236.6
2023-06-01,Webcam,Accessories,NORTH,4.0,66.52,1044,Diego,266.08
2023-11-07,Keyboard,Accessories,North,7.0,51.02,1007,Carla,357.14
2023-05-17,Webcam,Accessories,North,2.0,56.79,1086,Emma,113.58
2023-09-04,Desk,Furniture,South,1.0,178.76,1015,Bob,178.76
2023-08-31,Mouse,Accessories,South,2.0,28.3,1076,Bob,56.6
2023-01-31,Laptop,Electronics,East,1.0,823.91,1066,Emma,823.91
2023-02-09,Chair,Furniture,East,2.0,110.77,1008,Bob,221.54
2023-08-17,Mouse,Accessories,East,3.0,23.52,1059,Emma,70.56
2023-02-05,Desk,Furniture,South,5.0,188.78,1077,Bob,943.9
2023-08-11,Monitor,Electronics,West,3.0,234.4,1076,Carla,703.2
2023-01-06,Monitor,Electronics,SOUTH,3.0,285.5,1070,Bob,856.5
2023-11-18,Desk,Furniture,West,5.0,182.1,1014,Diego,910.5
2023-08-08,Webcam,Accessories,East,5.0,61.52,1070,Emma,307.6
2023-03-16,Headset,Accessories,North,4.0,76.93,1097,Alice,307.72
2023-01-04,Headset,Accessories,East,7.0,81.42,1040,Alice,569.94
2023-12-01,Webcam,Accessories,South,7.0,63.93,1021,Emma,447.51
2023-05-14,Monitor,Electronics,East,4.0,271.95,1023,Carla,1087.8
2023-04-28,Monitor,Electronics,North,3.0,272.12,1043,Bob,816.36
2023-04-04,Chair,Furniture,North,3.0,125.34,1000,Carla,376.02
2023-03-03,Monitor,Electronics,West,1.0,281.52,1009,Alice,281.52
2023-07-13,Mouse,Accessories,North,1.0,27.61,1079,Emma,27.61
2023-12-01,Monitor,Electronics,West,7.0,272.32,1071,Emma,1906.24
2023-07-22,Keyboard,Accessories,North,4.0,41.13,1055,Carla,164.52
2023-01-26,Chair,Furniture,East,6.0,108.21,1088,Carla,649.26
2023-06-22,Laptop,Electronics,East,6.0,857.8,1049,Bob,5146.8
2023-10-27,Monitor,Electronics,South,4.0,266.47,1011,Diego,1065.88
2023-05-13,Webcam,Accessories,South,1.0,60.17,1088,Diego,60.17
2023-11-22,Laptop,Electronics,North,7.0,900.54,1080,Bob,6303.78
2023-04-28,Mouse,Accessories,North,7.0,28.03,1059,Diego,196.21
2023-11-20,Webcam,Accessories,South,1.0,67.43,1025,Alice,67.43
2023-10-02,Laptop,Electronics,East,6.0,1014.56,1077,Diego,6087.36
2023-07-31,Webcam,Accessories,West,2.0,58.71,1040,Bob,117.42
2023-08-13,Mouse,Accessories,West,2.0,26.82,1035,Diego,53.64
2023-01-20,Chair,Furniture,East,1.0,116.15,1022,Emma,116.15
2023-04-23,Keyboard,Accessories,East,,42.64,1042,Carla,85.28
2023-05-20,Mouse,Accessories,East,5.0,23.65,1005,Alice,118.25
2023-02-16,Mouse,Accessories,North,4.0,24.64,1068,Emma,98.56
2023-01-01,Webcam,Accessories,West,4.0,60.45,1042,Emma,241.8
2023-03-31,Chair,Furniture,East,1.0,132.93,1024,Bob,132.93
2023-05-22,Desk,Furniture,East,3.0,167.4,1017,Carla,502.2
2023-11-16,Headset,Accessories,North,6.0,86.7,1061,Carla,520.2
2023-02-07,Monitor,Electronics,South,1.0,258.22,1012,Alice,258.22
2023-10-20,Monitor,Electronics,South,2.0,243.0,1042,Bob,486.0
2023-05-19,Keyboard,Accessories,West,6.0,46.04,1077,Alice,276.24
2023-12-22,Keyboard,Accessories,South,3.0,43.87,1027,Diego,131.61
2023-11-29,Monitor,Electronics,South,2.0,262.26,1017,Emma,524.52
2023-02-02,Laptop,Electronics,North,3.0,998.13,1009,Emma,2994.39
2023-05-06,Chair,Furniture,North,5.0,117.85,1028,Emma,589.25
2023-02-17,Webcam,Accessories,North,1.0,64.99,1070,Carla,64.99
2023-04-14,Desk,Furniture,East,6.0,189.76,1033,Alice,1138.56
2023-12-12,Headset,Accessories,East,3.0,73.04,1096,Diego,219.12
2023-09-21,Mouse,Accessories,South,5.0,28.51,1014,Emma,142.55
2023-03-01,Monitor,Electronics,North,5.0,264.52,1024,Bob,1322.6
2023-11-26,Headset,Accessories,North,6.0,81.79,1035,Bob,490.74
2023-10-04,Mouse,Accessories,North,4.0,26.75,1084,Alice,107.0
2023-11-12,Monitor,Electronics,East,3.0,256.18,1063,Carla,768.54
